ID,Label,Count

EduardoRFS,EduardoRFS,3147

TonhoCodes,TonhoCodes,70

devMozao,devMozao,63

AdielSeffrin,AdielSeffrin,162

dwtoledo,dwtoledo,366

WonderWanny,WonderWanny,331

ProfBrunoLopes,ProfBrunoLopes,1084

Kaduzius,Kaduzius,506

Rychillie,Rychillie,357

dunossauro,dunossauro,493

clarisse_alvarenga,clarisse_alvarenga,74

RacerXDL,RacerXDL,1808

bug_elseif,bug_elseif,527

vcwild,vcwild,112

paulorievrs_dev,paulorievrs_dev,22

GliderSpace,GliderSpace,26

DevGiordane,DevGiordane,102

tozeos,tozeos,1

GiordaneOliveira,GiordaneOliveira,221

isabellalealx,isabellalealx,2169

ChicaoThiago,ChicaoThiago,452

pyx_dev,pyx_dev,74

xTecna,xTecna,1213

Tonelive,Tonelive,87

DaviBusanello,DaviBusanello,146

edersondeveloper,edersondeveloper,202

Seensh1,Seensh1,13

Canturil,Canturil,321

Dininho,Dininho,1750

NevascaXD,NevascaXD,664

CafeCodes,CafeCodes,336

Cerato_cone,Cerato_cone,121

danielhe4rt,danielhe4rt,3831

CinderelaBugada,CinderelaBugada,246

pokemaobr,pokemaobr,1344

PachiCodes,PachiCodes,500

LuisVonMuller,LuisVonMuller,44

levxyca,levxyca,585

kastr0walker,kastr0walker,44

BitToin,BitToin,109

grandedev,grandedev,364

isabellaherman,isabellaherman,2069

aleDsz,aleDsz,132

DornellesTv,DornellesTv,145

teomewhy,teomewhy,788

CodigoFalado,CodigoFalado,960

marcobrunodev,marcobrunodev,7831

xDIDAdev,xDIDAdev,451

adorilson,adorilson,52

morgiovanelli,morgiovanelli,224

npxbr,npxbr,18

jp_amis,jp_amis,578

rafaballerinii,rafaballerinii,2066

julialabs,julialabs,1898

little_yuuh,little_yuuh,97

lluan98,lluan98,34

NadoSeven,NadoSeven,22

GRSoares,GRSoares,152

PaulosmLins,PaulosmLins,41

italojs_,italojs_,17

ChicaoCodes,ChicaoCodes,80

Tearing5,Tearing5,215

PunkDoDevOps,PunkDoDevOps,636

primofrances,primofrances,159

purplepizza92,purplepizza92,144

